id,createdAt,status,narrative,amount,forAssetzCapitalAccount,tooltip
1859932428,2024-08-01 18:05:42 +08:00,settled,Inter account transfer to cash account,-2.404168625,Simon Fisher (DQAA1FISHSI893),
1859904444,2024-08-01 17:59:04 +08:00,settled,Interest payment for Quick Access Account for month 2024-07 at 4% per annum,2.404168625,Simon Fisher (DQAA1FISHSI893),
1859836096,2024-08-01 13:04:47 +08:00,settled,Inter account transfer to cash account,-27.29914547,Simon Fisher (DQAA1FISHSI893),
1859836095,2024-08-01 13:04:47 +08:00,settled,Withdrawal from Quick Access Account (5),27.29914547,Simon Fisher (DQAA1FISHSI893),
1858592544,2024-07-01 18:15:01 +08:00,settled,Inter account transfer to cash account,-1.870913717,Simon Fisher (DQAA1FISHSI893),
1858564504,2024-07-01 18:08:23 +08:00,settled,Interest payment for Quick Access Account for month 2024-06 at 3.05% per annum,1.870913717,Simon Fisher (DQAA1FISHSI893),
1858496678,2024-07-01 13:04:07 +08:00,settled,Inter account transfer to cash account,-14.51706818,Simon Fisher (DQAA1FISHSI893),
1858496677,2024-07-01 13:04:07 +08:00,settled,Withdrawal from Quick Access Account (5),14.51706818,Simon Fisher (DQAA1FISHSI893),
1857268622,2024-06-03 18:01:43 +08:00,settled,Inter account transfer to cash account,-2.191255894,Simon Fisher (DQAA1FISHSI893),
1857240529,2024-06-03 17:54:39 +08:00,settled,Interest payment for Quick Access Account for month 2024-05 at 3.48% per annum,2.191255894,Simon Fisher (DQAA1FISHSI893),
1857174211,2024-06-03 17:52:05 +08:00,settled,Inter account transfer to cash account,-3.819296552,Simon Fisher (DQAA1FISHSI893),
1857174210,2024-06-03 17:52:05 +08:00,settled,Withdrawal from Quick Access Account (5),3.819296552,Simon Fisher (DQAA1FISHSI893),
1857112701,2024-06-01 13:04:29 +08:00,settled,Inter account transfer to cash account,-16.08192125,Simon Fisher (DQAA1FISHSI893),
1857112700,2024-06-01 13:04:29 +08:00,settled,Withdrawal from Quick Access Account (5),16.08192125,Simon Fisher (DQAA1FISHSI893),
1856006453,2024-05-01 18:18:57 +08:00,settled,Inter account transfer to cash account,-2.541665267,Simon Fisher (DQAA1FISHSI893),
1855978305,2024-05-01 18:12:18 +08:00,settled,Interest payment for Quick Access Account for month 2024-04 at 4% per annum,2.541665267,Simon Fisher (DQAA1FISHSI893),
1855910463,2024-05-01 13:04:03 +08:00,settled,Inter account transfer to cash account,-6.746787427,Simon Fisher (DQAA1FISHSI893),
1855910462,2024-05-01 13:04:03 +08:00,settled,Withdrawal from Quick Access Account (5),6.746787427,Simon Fisher (DQAA1FISHSI893),
1854320284,2024-04-02 17:06:31 +08:00,settled,Inter account transfer to cash account,-2.25445115,Simon Fisher (DQAA1FISHSI893),
1854292085,2024-04-02 16:59:56 +08:00,settled,Interest payment for Quick Access Account for month 2024-03 at 3.44% per annum,2.25445115,Simon Fisher (DQAA1FISHSI893),
1854221801,2024-04-01 13:04:20 +08:00,settled,Inter account transfer to cash account,-23.99120496,Simon Fisher (DQAA1FISHSI893),
1854221800,2024-04-01 13:04:20 +08:00,settled,Withdrawal from Quick Access Account (5),23.99120496,Simon Fisher (DQAA1FISHSI893),
1853496993,2024-03-21 22:58:40 +08:00,settled,Inter account transfer to cash account,-0.05291051444,Simon Fisher (DQAA1FISHSI893),
1853468858,2024-03-21 22:57:16 +08:00,settled,Corrective interest payment for Quick Access Account for month 2024-02 at 3.5% per annum,0.05291051444,Simon Fisher (DQAA1FISHSI893),
1852666440,2024-03-01 18:06:32 +08:00,settled,Inter account transfer to cash account,-2.293672957,Simon Fisher (DQAA1FISHSI893),
1852638182,2024-03-01 18:03:10 +08:00,settled,Interest payment for Quick Access Account for month 2024-02 at 3.5% per annum,2.293672957,Simon Fisher (DQAA1FISHSI893),
1852541320,2024-03-01 14:04:11 +08:00,settled,Inter account transfer to cash account,-18.14075509,Simon Fisher (DQAA1FISHSI893),
1852541319,2024-03-01 14:04:11 +08:00,settled,Withdrawal from Quick Access Account (5),18.14075509,Simon Fisher (DQAA1FISHSI893),
1851074494,2024-02-01 17:24:26 +08:00,settled,Inter account transfer to cash account,-2.727873742,Simon Fisher (DQAA1FISHSI893),
1851046194,2024-02-01 17:18:01 +08:00,settled,Interest payment for Quick Access Account for month 2024-01 at 4% per annum,2.727873742,Simon Fisher (DQAA1FISHSI893),
1850978046,2024-02-01 14:04:29 +08:00,settled,Inter account transfer to cash account,-13.02729371,Simon Fisher (DQAA1FISHSI893),
1850978045,2024-02-01 14:04:29 +08:00,settled,Withdrawal from Quick Access Account (5),13.02729371,Simon Fisher (DQAA1FISHSI893),
1848915487,2024-01-02 20:06:00 +08:00,settled,Inter account transfer to cash account,-2.090844284,Simon Fisher (DQAA1FISHSI893),
1848873158,2024-01-02 19:58:38 +08:00,settled,Interest payment for Quick Access Account for month 2023-12 at 3% per annum,2.090844284,Simon Fisher (DQAA1FISHSI893),
1848826801,2024-01-02 20:00:06 +08:00,settled,Inter account transfer to cash account,-18.71528954,Simon Fisher (DQAA1FISHSI893),
1848826800,2024-01-02 20:00:06 +08:00,settled,Withdrawal from Quick Access Account (5),18.71528954,Simon Fisher (DQAA1FISHSI893),
1846825625,2023-12-01 18:01:39 +08:00,settled,Inter account transfer to cash account,-2.855280744,Simon Fisher (DQAA1FISHSI893),
1846797247,2023-12-01 17:54:22 +08:00,settled,Interest payment for Quick Access Account for month 2023-11 at 4% per annum,2.855280744,Simon Fisher (DQAA1FISHSI893),
1846728277,2023-12-01 14:04:07 +08:00,settled,Inter account transfer to cash account,-20.34199693,Simon Fisher (DQAA1FISHSI893),
1846728276,2023-12-01 14:04:07 +08:00,settled,Withdrawal from Quick Access Account (5),20.34199693,Simon Fisher (DQAA1FISHSI893),
1843823963,2023-11-01 19:26:46 +08:00,settled,Inter account transfer to cash account,-2.427274902,Simon Fisher (DQAA1FISHSI893),
1843795552,2023-11-01 19:18:20 +08:00,settled,Interest payment for Quick Access Account for month 2023-10 at 3.4% per annum,2.427274902,Simon Fisher (DQAA1FISHSI893),
1843698133,2023-11-01 14:04:02 +08:00,settled,Inter account transfer to cash account,-8.358884234,Simon Fisher (DQAA1FISHSI893),
1843698132,2023-11-01 14:04:02 +08:00,settled,Withdrawal from Quick Access Account (5),8.358884234,Simon Fisher (DQAA1FISHSI893),
1841074430,2023-10-02 17:37:57 +08:00,settled,Inter account transfer to cash account,-0.0007265429788,Simon Fisher (DQAA1FISHSI893),
1841045940,2023-10-02 17:29:54 +08:00,settled,Interest payment for Quick Access Account for month 2023-09 at 0.001% per annum,0.0007265429788,Simon Fisher (DQAA1FISHSI893),
1840858422,2023-10-01 13:04:38 +08:00,settled,Inter account transfer to cash account,-20.99259985,Simon Fisher (DQAA1FISHSI893),
1840858421,2023-10-01 13:04:38 +08:00,settled,Withdrawal from Quick Access Account (5),20.99259985,Simon Fisher (DQAA1FISHSI893),
1839570260,2023-09-14 18:07:41 +08:00,settled,Inter account transfer to cash account,-15.27285331,Simon Fisher (DQAA1FISHSI893),
1839570259,2023-09-14 18:07:41 +08:00,settled,Withdrawal from Quick Access Account (5),15.27285331,Simon Fisher (DQAA1FISHSI893),
1838210131,2023-09-01 17:10:34 +08:00,settled,Inter account transfer to cash account,-0.000751009693,Simon Fisher (DQAA1FISHSI893),
1838181646,2023-09-01 17:01:18 +08:00,settled,Interest payment for Quick Access Account for month 2023-08 at 0.001% per annum,0.000751009693,Simon Fisher (DQAA1FISHSI893),
1838112545,2023-09-01 13:05:01 +08:00,settled,Inter account transfer to cash account,-14.74783116,Simon Fisher (DQAA1FISHSI893),
1838112544,2023-09-01 13:05:01 +08:00,settled,Withdrawal from Quick Access Account (5),14.74783116,Simon Fisher (DQAA1FISHSI893),
1835479028,2023-08-02 17:56:31 +08:00,settled,Inter account transfer to cash account,-0.0007726043316,Simon Fisher (DQAA1FISHSI893),
1835450446,2023-08-02 17:24:20 +08:00,settled,Interest payment for Quick Access Account for month 2023-07 at 0.001% per annum,0.0007726043316,Simon Fisher (DQAA1FISHSI893),
1835097082,2023-08-01 13:05:02 +08:00,settled,Inter account transfer to cash account,-8.989277177,Simon Fisher (DQAA1FISHSI893),
1835097081,2023-08-01 13:05:02 +08:00,settled,Withdrawal from Quick Access Account (5),8.989277177,Simon Fisher (DQAA1FISHSI893),
1832156920,2023-07-03 18:43:41 +08:00,settled,Inter account transfer to cash account,-0.07951200025,Simon Fisher (DQAA1FISHSI893),
1832128286,2023-07-03 18:34:58 +08:00,settled,Interest payment for Quick Access Account for month 2023-06 at 0.1% per annum,0.07951200025,Simon Fisher (DQAA1FISHSI893),
1832088285,2023-07-03 17:53:58 +08:00,settled,Inter account transfer to cash account,-28.42081288,Simon Fisher (DQAA1FISHSI893),
1832088284,2023-07-03 17:53:58 +08:00,settled,Withdrawal from Quick Access Account (5),28.42081288,Simon Fisher (DQAA1FISHSI893),
1829378296,2023-06-02 16:39:28 +08:00,settled,Inter account transfer to cash account,-0.006591363639,Simon Fisher (DQAA1FISHSI893),
1829378295,2023-06-02 16:39:28 +08:00,settled,Withdrawal from Quick Access Account (5),0.006591363639,Simon Fisher (DQAA1FISHSI893),
1829319540,2023-06-02 16:30:23 +08:00,settled,Inter account transfer to cash account,-18.21469287,Simon Fisher (DQAA1FISHSI893),
1829319539,2023-06-02 16:30:23 +08:00,settled,Withdrawal from Quick Access Account (5),18.21469287,Simon Fisher (DQAA1FISHSI893),
1829266692,2023-06-02 02:06:43 +08:00,settled,Inter account transfer to cash account,-1.546739694,Simon Fisher (DQAA1FISHSI893),
1829233651,2023-06-02 01:58:12 +08:00,settled,Interest payment for Quick Access Account for month 2023-05 at 1.9% per annum,1.546739694,Simon Fisher (DQAA1FISHSI893),
1826637848,2023-05-05 15:53:38 +08:00,settled,Inter account transfer to cash account,-38.09511769,Simon Fisher (DQAA1FISHSI893),
1826637847,2023-05-05 15:53:38 +08:00,settled,Withdrawal from Quick Access Account (5),38.09511769,Simon Fisher (DQAA1FISHSI893),
1825976467,2023-05-02 19:38:51 +08:00,settled,Inter account transfer to cash account,-2.019224892,Simon Fisher (DQAA1FISHSI893),
1825943409,2023-05-02 19:30:10 +08:00,settled,Interest payment for Quick Access Account for month 2023-04 at 2.4% per annum,2.019224892,Simon Fisher (DQAA1FISHSI893),
1822922052,2023-04-03 19:16:53 +08:00,settled,Inter account transfer to cash account,-2.99634474,Simon Fisher (DQAA1FISHSI893),
1822875932,2023-04-03 19:08:49 +08:00,settled,Interest payment for Quick Access Account for month 2023-03 at 3.9% per annum,2.99634474,Simon Fisher (DQAA1FISHSI893),
1821023976,2023-03-15 08:02:55 +08:00,settled,Investment into qaa direct from Quick Access Account,-0.002445758301,Simon Fisher (DQAA1FISHSI893),
1821023974,2023-03-15 08:02:55 +08:00,settled,Inter account transfer from product 90-Day Access Account (14),0.002445758301,Simon Fisher (DQAA1FISHSI893),
1819519757,2023-03-04 00:35:51 +08:00,settled,Investment into qaa direct from Quick Access Account,-1009.61,Simon Fisher (DQAA1FISHSI893),
1819519755,2023-03-04 00:35:51 +08:00,settled,Inter account transfer from product 90-Day Access Account (14),1009.61,Simon Fisher (DQAA1FISHSI893),